<application>
  <component name="DefaultFont">
    <option name="FONT_SIZE" value="18" />
    <option name="FONT_FAMILY" value="Lucida Sans Typewriter" />
    <option name="FONT_SCALE" value="1.25" />
    <option name="LINE_SPACING" value="1.2" />
  </component>
  <component name="EditorSettings">
    <option name="USE_SOFT_WRAPS" value="" />
    <option name="SHOW_QUICK_DOC_ON_MOUSE_OVER_ELEMENT" value="true" />
    <option name="SHOW_PARAMETER_NAME_HINTS" value="false" />
  </component>
</application>