<application>
  <component name="AppInspectionProfilesVisibleTreeState">
    <entry key="Default">
      <profile-state>
        <expanded-state>
          <State />
          <State>
            <id>Abstraction issuesJava</id>
          </State>
          <State>
            <id>AccessibilityLintAndroid</id>
          </State>
          <State>
            <id>Android</id>
          </State>
          <State>
            <id>Application SizePerformanceLintAndroid</id>
          </State>
          <State>
            <id>Bitwise operation issuesJava</id>
          </State>
          <State>
            <id>C/C++</id>
          </State>
          <State>
            <id>Class metricsJava</id>
          </State>
          <State>
            <id>Code style issuesJava</id>
          </State>
          <State>
            <id>Control flow issuesGroovy</id>
          </State>
          <State>
            <id>Control flow issuesJava</id>
          </State>
          <State>
            <id>CorrectnessLintAndroid</id>
          </State>
          <State>
            <id>Declaration redundancyJava</id>
          </State>
          <State>
            <id>DeclarationGroovy</id>
          </State>
          <State>
            <id>General</id>
          </State>
          <State>
            <id>GeneralC/C++</id>
          </State>
          <State>
            <id>GeneralJava</id>
          </State>
          <State>
            <id>GeneralObjective-C</id>
          </State>
          <State>
            <id>Groovy</id>
          </State>
          <State>
            <id>HTML</id>
          </State>
          <State>
            <id>IconsUsabilityLintAndroid</id>
          </State>
          <State>
            <id>ImportsJava</id>
          </State>
          <State>
            <id>Inheritance issuesJava</id>
          </State>
          <State>
            <id>InitializationJava</id>
          </State>
          <State>
            <id>InternationalizationLintAndroid</id>
          </State>
          <State>
            <id>InteroperabilityLintAndroid</id>
          </State>
          <State>
            <id>J2ME issuesJava</id>
          </State>
          <State>
            <id>JUnitJava</id>
          </State>
          <State>
            <id>Java</id>
          </State>
          <State>
            <id>Java 7Java language level migration aidsJava</id>
          </State>
          <State>
            <id>Java 8Java language level migration aidsJava</id>
          </State>
          <State>
            <id>Java 9Java language level migration aidsJava</id>
          </State>
          <State>
            <id>Java language level issuesJava</id>
          </State>
          <State>
            <id>Java language level migration aidsJava</id>
          </State>
          <State>
            <id>JavadocJava</id>
          </State>
          <State>
            <id>Kotlin</id>
          </State>
          <State>
            <id>Kotlin InteroperabilityInteroperabilityLintAndroid</id>
          </State>
          <State>
            <id>Language Injection</id>
          </State>
          <State>
            <id>LintAndroid</id>
          </State>
          <State>
            <id>MemoryJava</id>
          </State>
          <State>
            <id>MessagesCorrectnessLintAndroid</id>
          </State>
          <State>
            <id>Method metricsJava</id>
          </State>
          <State>
            <id>MigrationKotlin</id>
          </State>
          <State>
            <id>Numeric issuesJava</id>
          </State>
          <State>
            <id>Objective-C</id>
          </State>
          <State>
            <id>PerformanceJava</id>
          </State>
          <State>
            <id>PerformanceLintAndroid</id>
          </State>
          <State>
            <id>Potentially confusing code constructsGroovy</id>
          </State>
          <State>
            <id>Probable bugsGroovy</id>
          </State>
          <State>
            <id>Probable bugsJava</id>
          </State>
          <State>
            <id>Probable bugsKotlin</id>
          </State>
          <State>
            <id>Properties Files</id>
          </State>
          <State>
            <id>RELAX NG</id>
          </State>
          <State>
            <id>Redundant constructsKotlin</id>
          </State>
          <State>
            <id>RegExp</id>
          </State>
          <State>
            <id>Resource managementJava</id>
          </State>
          <State>
            <id>RoomAndroid</id>
          </State>
          <State>
            <id>SecurityLintAndroid</id>
          </State>
          <State>
            <id>Serialization issuesJava</id>
          </State>
          <State>
            <id>Style issuesKotlin</id>
          </State>
          <State>
            <id>Threading issuesGroovy</id>
          </State>
          <State>
            <id>Threading issuesJava</id>
          </State>
          <State>
            <id>UsabilityLintAndroid</id>
          </State>
          <State>
            <id>VisibilityJava</id>
          </State>
          <State>
            <id>XML</id>
          </State>
          <State>
            <id>YAML</id>
          </State>
        </expanded-state>
        <selected-state>
          <State>
            <id>Android</id>
          </State>
        </selected-state>
      </profile-state>
    </entry>
  </component>
  <component name="DartCodeInsightSettings">
    <option name="SHOW_CLOSING_LABELS" value="false" />
  </component>
  <component name="PropertiesComponent">
    <property name="AndroidInitConfigurator.V1" value="true" />
    <property name="AndroidInitConfigurator.V3" value="true" />
    <property name="AndroidInitConfigurator.V5" value="true" />
    <property name="FileTemplates.SelectedTemplate" value="Singleton_lazy" />
    <property name="KEYMAP" value="past&#10;copy" />
    <property name="build.toolwindow.Sync.selection.state" value="com.intellij.build.BuildTreeConsoleView" />
    <property name="crashlytics.cmApiUrl" value="https://cm.crashlytics.com" />
    <property name="crashlytics.distributionUploadsApiUrl" value="https://distribution-uploads.crashlytics.com" />
    <property name="crashlytics.kitApiUrl" value="https://kits.crashlytics.com" />
    <property name="crashlytics.startPluginUpdater" value="true" />
    <property name="crashlytics.startSdkUpdater" value="true" />
    <property name="crashlytics.webApiUrl" value="https://api.crashlytics.com" />
    <property name="fabric.installationId" value="16fbe233-c6e6-49ed-98d2-526dd35d6e31" />
    <property name="fabric.override_email" value="false" />
    <property name="file.gist.reindex.count" value="2" />
    <property name="fileTypeChangedCounter" value="1" />
    <property name="installed.kotlin.plugin.version" value="1.3.31-release-Studio3.4-1" />
    <property name="io.flutter.analytics.clientId" value="0018c640-d4f9-448c-97b0-3ec5d26bdeae" />
    <property name="io.flutter.analytics.toastShown" value="true" />
    <property name="kotlin.plugin.releaseDate" value="1.3.31-release-Studio3.4-1:2019-04-25" />
  </component>
  <component name="RefactoringSettings">
    <option name="MOVE_PREVIEW_USAGES" value="false" />
  </component>
  <component name="SvnApplicationSettings">
    <option name="myCheckoutURLs">
      <list>
        <option value="svn://172.30.1.193/AndroidApp/Mplus/trunk_as" />
      </list>
    </option>
    <option name="myTypedURLs">
      <list>
        <option value="svn://172.30.1.193/AndroidApp/Mplus/trunk_as" />
      </list>
    </option>
  </component>
</application>