<application>
  <component name="AppInspectionProfilesVisibleTreeState">
    <entry key="Default">
      <profile-state>
        <expanded-state>
          <State />
          <State>
            <id>Abstraction issuesJava</id>
          </State>
          <State>
            <id>AccessibilityLintAndroid</id>
          </State>
          <State>
            <id>Android</id>
          </State>
          <State>
            <id>Application SizePerformanceLintAndroid</id>
          </State>
          <State>
            <id>Bitwise operation issuesJava</id>
          </State>
          <State>
            <id>C/C++</id>
          </State>
          <State>
            <id>Class metricsJava</id>
          </State>
          <State>
            <id>Code style issuesJava</id>
          </State>
          <State>
            <id>Control flow issuesGroovy</id>
          </State>
          <State>
            <id>Control flow issuesJava</id>
          </State>
          <State>
            <id>CorrectnessLintAndroid</id>
          </State>
          <State>
            <id>Declaration redundancyJava</id>
          </State>
          <State>
            <id>DeclarationGroovy</id>
          </State>
          <State>
            <id>General</id>
          </State>
          <State>
            <id>GeneralC/C++</id>
          </State>
          <State>
            <id>GeneralJava</id>
          </State>
          <State>
            <id>GeneralObjective-C</id>
          </State>
          <State>
            <id>Groovy</id>
          </State>
          <State>
            <id>HTML</id>
          </State>
          <State>
            <id>IconsUsabilityLintAndroid</id>
          </State>
          <State>
            <id>ImportsJava</id>
          </State>
          <State>
            <id>Inheritance issuesJava</id>
          </State>
          <State>
            <id>InitializationJava</id>
          </State>
          <State>
            <id>InternationalizationLintAndroid</id>
          </State>
          <State>
            <id>InteroperabilityLintAndroid</id>
          </State>
          <State>
            <id>J2ME issuesJava</id>
          </State>
          <State>
            <id>JUnitJava</id>
          </State>
          <State>
            <id>Java</id>
          </State>
          <State>
            <id>Java 7Java language level migration aidsJava</id>
          </State>
          <State>
            <id>Java 8Java language level migration aidsJava</id>
          </State>
          <State>
            <id>Java 9Java language level migration aidsJava</id>
          </State>
          <State>
            <id>Java language level issuesJava</id>
          </State>
          <State>
            <id>Java language level migration aidsJava</id>
          </State>
          <State>
            <id>JavadocJava</id>
          </State>
          <State>
            <id>Kotlin</id>
          </State>
          <State>
            <id>Kotlin InteroperabilityInteroperabilityLintAndroid</id>
          </State>
          <State>
            <id>Language Injection</id>
          </State>
          <State>
            <id>LintAndroid</id>
          </State>
          <State>
            <id>MemoryJava</id>
          </State>
          <State>
            <id>MessagesCorrectnessLintAndroid</id>
          </State>
          <State>
            <id>Method metricsJava</id>
          </State>
          <State>
            <id>MigrationKotlin</id>
          </State>
          <State>
            <id>Numeric issuesJava</id>
          </State>
          <State>
            <id>Objective-C</id>
          </State>
          <State>
            <id>PerformanceJava</id>
          </State>
          <State>
            <id>PerformanceLintAndroid</id>
          </State>
          <State>
            <id>Potentially confusing code constructsGroovy</id>
          </State>
          <State>
            <id>Probable bugsGroovy</id>
          </State>
          <State>
            <id>Probable bugsJava</id>
          </State>
          <State>
            <id>Probable bugsKotlin</id>
          </State>
          <State>
            <id>Properties Files</id>
          </State>
          <State>
            <id>RELAX NG</id>
          </State>
          <State>
            <id>Redundant constructsKotlin</id>
          </State>
          <State>
            <id>RegExp</id>
          </State>
          <State>
            <id>Resource managementJava</id>
          </State>
          <State>
            <id>RoomAndroid</id>
          </State>
          <State>
            <id>SecurityLintAndroid</id>
          </State>
          <State>
            <id>Serialization issuesJava</id>
          </State>
          <State>
            <id>Style issuesKotlin</id>
          </State>
          <State>
            <id>Threading issuesGroovy</id>
          </State>
          <State>
            <id>Threading issuesJava</id>
          </State>
          <State>
            <id>UsabilityLintAndroid</id>
          </State>
          <State>
            <id>VisibilityJava</id>
          </State>
          <State>
            <id>XML</id>
          </State>
          <State>
            <id>YAML</id>
          </State>
        </expanded-state>
        <selected-state>
          <State>
            <id>Android</id>
          </State>
        </selected-state>
      </profile-state>
    </entry>
  </component>
  <component name="DartCodeInsightSettings">
    <option name="SHOW_CLOSING_LABELS" value="false" />
  </component>
  <component name="PropertiesComponent">
    <property name="ATTACHED_TOOL_WINDOW.DEFAULT.Layout Inspector.LI_PROPERTIES.AUTO_HIDE" value="false" />
    <property name="ATTACHED_TOOL_WINDOW.DEFAULT.Layout Inspector.LI_PROPERTIES.LEFT" value="false" />
    <property name="ATTACHED_TOOL_WINDOW.DEFAULT.Layout Inspector.LI_PROPERTIES.SPLIT" value="false" />
    <property name="ATTACHED_TOOL_WINDOW.DEFAULT.Layout Inspector.LI_VIEW_TREE.AUTO_HIDE" value="false" />
    <property name="ATTACHED_TOOL_WINDOW.DEFAULT.Layout Inspector.LI_VIEW_TREE.LEFT" value="true" />
    <property name="ATTACHED_TOOL_WINDOW.DEFAULT.Layout Inspector.LI_VIEW_TREE.SPLIT" value="false" />
    <property name="ATTACHED_TOOL_WINDOW.DEFAULT.Layout Inspector.TOOL_ORDER" value="LI_VIEW_TREE,LI_PROPERTIES" />
    <property name="ATTACHED_TOOL_WINDOW.DEFAULT.NELE_EDITOR.COMPONENT_TREE.AUTO_HIDE" value="false" />
    <property name="ATTACHED_TOOL_WINDOW.DEFAULT.NELE_EDITOR.COMPONENT_TREE.LEFT" value="true" />
    <property name="ATTACHED_TOOL_WINDOW.DEFAULT.NELE_EDITOR.COMPONENT_TREE.SPLIT" value="true" />
    <property name="ATTACHED_TOOL_WINDOW.DEFAULT.NELE_EDITOR.PALETTE.AUTO_HIDE" value="false" />
    <property name="ATTACHED_TOOL_WINDOW.DEFAULT.NELE_EDITOR.PALETTE.LEFT" value="true" />
    <property name="ATTACHED_TOOL_WINDOW.DEFAULT.NELE_EDITOR.PALETTE.SPLIT" value="false" />
    <property name="ATTACHED_TOOL_WINDOW.DEFAULT.NELE_EDITOR.PROPERTIES.AUTO_HIDE" value="false" />
    <property name="ATTACHED_TOOL_WINDOW.DEFAULT.NELE_EDITOR.PROPERTIES.LEFT" value="false" />
    <property name="ATTACHED_TOOL_WINDOW.DEFAULT.NELE_EDITOR.PROPERTIES.SPLIT" value="false" />
    <property name="ATTACHED_TOOL_WINDOW.DEFAULT.NELE_EDITOR.TOOL_ORDER" value="PALETTE,PROPERTIES,COMPONENT_TREE" />
    <property name="ATTACHED_TOOL_WINDOW.Layout Inspector.LEFT.UNSCALED.WIDTH" value="725" />
    <property name="ATTACHED_TOOL_WINDOW.Layout Inspector.LI_PROPERTIES.MINIMIZED" value="true" />
    <property name="ATTACHED_TOOL_WINDOW.Layout Inspector.LI_VIEW_TREE.LEFT" value="true" />
    <property name="ATTACHED_TOOL_WINDOW.Layout Inspector.RIGHT.UNSCALED.WIDTH" value="225" />
    <property name="ATTACHED_TOOL_WINDOW.Layout Inspector.TOOL_ORDER" value="LI_VIEW_TREE,LI_PROPERTIES" />
    <property name="ATTACHED_TOOL_WINDOW.NELE_EDITOR.COMPONENT_TREE.LEFT" value="true" />
    <property name="ATTACHED_TOOL_WINDOW.NELE_EDITOR.COMPONENT_TREE.SPLIT" value="true" />
    <property name="ATTACHED_TOOL_WINDOW.NELE_EDITOR.LEFT.UNSCALED.WIDTH" value="225" />
    <property name="ATTACHED_TOOL_WINDOW.NELE_EDITOR.PALETTE.LEFT" value="true" />
    <property name="ATTACHED_TOOL_WINDOW.NELE_EDITOR.PALETTE.MINIMIZED" value="true" />
    <property name="ATTACHED_TOOL_WINDOW.NELE_EDITOR.PROPERTIES.MINIMIZED" value="true" />
    <property name="ATTACHED_TOOL_WINDOW.NELE_EDITOR.RIGHT.UNSCALED.WIDTH" value="330" />
    <property name="ATTACHED_TOOL_WINDOW.NELE_EDITOR.TEXT_SEARCH_HISTORY" value="ce&#10;mar&#10;textSt&#10;GR&#10;textC" />
    <property name="ATTACHED_TOOL_WINDOW.NELE_EDITOR.TOOL_ORDER" value="PALETTE,PROPERTIES,COMPONENT_TREE" />
    <property name="AndroidInitConfigurator.V1" value="true" />
    <property name="AndroidInitConfigurator.V3" value="true" />
    <property name="AndroidInitConfigurator.V5" value="true" />
    <property name="AndroidSupport.hideIgnoredTests" value="true" />
    <property name="AndroidSupport.sortTestsAlphabetically" value="false" />
    <property name="CommitChangeListDialog.DETAILS_SPLITTER_PROPORTION_2" value="0.6247544" />
    <property name="CommitChangeListDialog.SPLITTER_PROPORTION_2" value="0.71708685" />
    <property name="CommittedChanges.SplitterProportions.0" value="700" />
    <property name="CommittedChanges.SplitterProportions.1" value="500" />
    <property name="ExpandBeforeRunStepsPanel" value="true" />
    <property name="ExpandRunDashboardTypesPanel" value="false" />
    <property name="FileTemplates.SelectedTemplate" value="lifeCycleFragment_kotlin" />
    <property name="GradleSupport.hidePassedTests" value="false" />
    <property name="GradleSupport.showInternalTestNodes" value="false" />
    <property name="InstalledPluginsSearchHistory" value="kotl" />
    <property name="JUnitSupport.hidePassedTests" value="false" />
    <property name="LOG_FILTER_HISTORY" value="CelebrityFriendListFragment&#10;ChatRoomListFragment&#10;CelebrityChatRoomListFragment&#10;BigHeadLoaderHelper&#10;cip" />
    <property name="LOG_FILTER_TAG_HISTORY" value="MessagePlus&#10;org.webrtc.Logging" />
    <property name="MemberChooser.copyJavadoc" value="false" />
    <property name="MemberChooser.showClasses" value="true" />
    <property name="NlScreenMode" value="SCREEN_ONLY" />
    <property name="PluginConfigurable.selectionTab" value="1" />
    <property name="SAVED_ANDROID_NPW_LANGUAGE" value="Kotlin" />
    <property name="SAVED_ANDROID_PACKAGE" value="com.example" />
    <property name="SettingsSearchHistory" value="Messages" />
    <property name="TrendingPluginsSearchHistory" value="kotlin" />
    <property name="UpdatePluginsSearchHistory" value="kotlin" />
    <property name="android-component-compatibility-check" value="1563250001911" />
    <property name="build.toolwindow.Build Output.selection.state" value="com.intellij.build.BuildTreeConsoleView" />
    <property name="build.toolwindow.Sync.selection.state" value="com.intellij.build.BuildTreeConsoleView" />
    <property name="build.toolwindow.run.selection.state" value="consoleView" />
    <property name="colorPickerCategoryProperty" value="MATERIAL_500" />
    <property name="com.intellij.history.integration.ui.views.FileHistoryDialog.0" value="300" />
    <property name="com.intellij.history.integration.ui.views.FileHistoryDialog.1" value="800" />
    <property name="decompiler.legal.notice.accepted" value="true" />
    <property name="dir.diff.panel.divider.location" value="0" />
    <property name="file.chooser.recent.files" value="D:/My Documents/Desktop&#10;D:/workspace/Mplus/phase5.8.005_rc&#10;D:/workspace/Mplus/trunk_as/MessagePlus/build/outputs/apk/Staging/debug/mp58000debugStaging.apk&#10;D:/My Documents/Desktop/mp58000LogStaging.apk&#10;D:/workspace/Mplus/trunk_as_p&#10;D:/workspace/Mplus/sdk&#10;D:/workspace/HSGuard/trunk_as&#10;D:/workspace/Mplus/trunk_as&#10;D:/.AndroidStudio/config/settings.zip" />
    <property name="file.gist.reindex.count" value="6759" />
    <property name="fileTypeChangedCounter" value="1" />
    <property name="inspector.open.All Attributes" value="true" />
    <property name="inspector.open.Declared Attributes" value="true" />
    <property name="installed.kotlin.plugin.version" value="1.3.21-release-Studio3.4-1" />
    <property name="io.flutter.analytics.clientId" value="e4be1246-57c4-4032-8ab8-337b2150e1cd" />
    <property name="io.flutter.analytics.toastShown" value="true" />
    <property name="kotlin.lastUpdateCheck" value="1566964433440" />
    <property name="kotlin.plugin.releaseDate" value="1.3.31-release-Studio3.4-1:2019-04-25" />
    <property name="last.used.gradle.home" value="$APPLICATION_HOME_DIR$/gradle/gradle-2.14.1" />
  </component>
  <component name="SvnApplicationSettings">
    <option name="myCheckoutURLs">
      <list>
        <option value="svn://172.30.1.193/AndroidApp/Mplus/trunk_as" />
      </list>
    </option>
    <option name="myTypedURLs">
      <list>
        <option value="svn://172.30.1.193/AndroidApp/Mplus/trunk_as" />
      </list>
    </option>
  </component>
</application>