<application>
  <component name="UpdatesConfigurable">
    <enabledExternalComponentSources>
      <item value="Android SDK" />
    </enabledExternalComponentSources>
    <option name="externalUpdateChannels">
      <map>
        <entry key="Android SDK" value="Stable Channel" />
      </map>
    </option>
    <ignoredBuildNumbers>
      <item value="system-images;android-23;google_apis;x86#26" />
      <item value="system-images;android-26;google_apis;x86#8" />
      <item value="emulator#27.3.9" />
      <item value="extras;google;google_play_services#49" />
      <item value="extras;google;instantapps#1.3.0" />
      <item value="extras;intel;Hardware_Accelerated_Execution_Manager#7.2.0" />
      <item value="ndk-bundle#17.1.4828580" />
      <item value="platform-tools#28.0.0" />
      <item value="platforms;android-27#3" />
      <item value="system-images;android-22;google_apis;x86#21" />
      <item value="system-images;android-23;google_apis;x86#28" />
      <item value="system-images;android-26;google_apis;x86#10" />
      <item value="system-images;android-28;google_apis_playstore;x86#5" />
      <item value="emulator#27.3.10" />
      <item value="extras;google;instantapps#1.5.0" />
      <item value="extras;intel;Hardware_Accelerated_Execution_Manager#7.3.2" />
      <item value="ndk-bundle#18.1.5063045" />
      <item value="platform-tools#28.0.1" />
      <item value="system-images;android-16;default;x86#6" />
      <item value="system-images;android-19;google_apis;x86#36" />
      <item value="system-images;android-22;google_apis;x86#22" />
      <item value="system-images;android-23;google_apis;x86#29" />
      <item value="system-images;android-26;google_apis;x86#11" />
      <item value="192.5587.17.36.5787298" />
    </ignoredBuildNumbers>
    <knownExternalComponentSources>
      <item value="Android SDK" />
    </knownExternalComponentSources>
    <option name="LAST_BUILD_CHECKED" value="AI-183.5429.30.34.5452501" />
    <option name="LAST_TIME_CHECKED" value="1566983901274" />
    <option name="THIRD_PARTY_PLUGINS_ALLOWED" value="true" />
    <option name="UPDATE_CHANNEL_TYPE" value="eap" />
  </component>
</application>